{
  "Author": "Neko-Net-Sync",
  "Name": "Neko Net Client",
  "InternalName": "NekoNetClient",
  "AssemblyVersion": "1.2.0.0",
  "Description": "This plugin will synchronize your Penumbra mods and current Glamourer state with other paired clients automatically.",
  "ApplicableVersion": "any",
  "RepoUrl": "https://github.com/Neko-Net-Sync/Neko-Net-Client",
  "Tags": [
    "customization"
  ],
  "DalamudApiLevel": 13,
  "LoadRequiredState": 0,
  "LoadSync": false,
  "CanUnloadAsync": false,
  "LoadPriority": 0,
  "Punchline": "Let others see you as you see yourself.",
  "AcceptsFeedback": true
}